{
    "train_report": {
        "0.0": {
            "precision": 0.8680672268907563,
            "recall": 0.7784476262245666,
            "f1-score": 0.820818434644418,
            "support": 1327.0
        },
        "1.0": {
            "precision": 0.774885145482389,
            "recall": 0.8656971770744226,
            "f1-score": 0.8177777777777778,
            "support": 1169.0
        },
        "accuracy": 0.8193108974358975,
        "macro avg": {
            "precision": 0.8214761861865727,
            "recall": 0.8220724016494947,
            "f1-score": 0.8192981062110979,
            "support": 2496.0
        },
        "weighted avg": {
            "precision": 0.8244254587952509,
            "recall": 0.8193108974358975,
            "f1-score": 0.819394344950066,
            "support": 2496.0
        }
    },
    "test_report": {
        "0.0": {
            "precision": 0.8138528138528138,
            "recall": 0.8,
            "f1-score": 0.8068669527896996,
            "support": 235.0
        },
        "1.0": {
            "precision": 0.7761904761904762,
            "recall": 0.7912621359223301,
            "f1-score": 0.7836538461538461,
            "support": 206.0
        },
        "accuracy": 0.7959183673469388,
        "macro avg": {
            "precision": 0.795021645021645,
            "recall": 0.7956310679611651,
            "f1-score": 0.7952603994717728,
            "support": 441.0
        },
        "weighted avg": {
            "precision": 0.7962599758518126,
            "recall": 0.7959183673469388,
            "f1-score": 0.7960236422069654,
            "support": 441.0
        }
    },
    "confusion_matrix_test": [
        [
            188,
            47
        ],
        [
            43,
            163
        ]
    ]
}